quarantine_id,group,current_value_or_pattern,unit,repository_locator,formal_v2_status,legacy_mode_status,reason,resolution_requirement,allowed_effect
legacy-range-operating-state,engineering_range,0..100,percent,src/parallel_truth_fingerprint/config/ranges.py:DEFAULT_COMPRESSOR_PROFILE.compressor_power,disabled,exact_v1_reproduction_only,Anonymous legacy range and ambiguous historical power wording,Replace with an approved profile or preregistered factor,No formal dataset table metric threshold or claim
legacy-range-temperature,engineering_range,48..95,degC,src/parallel_truth_fingerprint/config/ranges.py:DEFAULT_COMPRESSOR_PROFILE.temperature,disabled,exact_v1_reproduction_only,No applicable authority for this compressor profile,Replace with validated InstrumentProfile.v1 endpoints,No formal dataset table metric threshold or claim
legacy-range-pressure,engineering_range,1.8..8.5,bar,src/parallel_truth_fingerprint/config/ranges.py:DEFAULT_COMPRESSOR_PROFILE.pressure,disabled,exact_v1_reproduction_only,No applicable authority for this compressor profile,Replace with validated InstrumentProfile.v1 endpoints,No formal dataset table metric threshold or claim
legacy-range-rpm,engineering_range,1200..4200,rpm,src/parallel_truth_fingerprint/config/ranges.py:DEFAULT_COMPRESSOR_PROFILE.rpm,disabled,exact_v1_reproduction_only,FB420 supports user endpoints but does not authorize these values,Freeze a project endpoint decision within documented capability,No formal dataset table metric threshold or claim
legacy-noise-base,noise,0.15,unspecified,src/parallel_truth_fingerprint/config/ranges.py:DEFAULT_COMPRESSOR_PROFILE.base_noise_floor,disabled,exact_v1_reproduction_only,Anonymous universal noise floor,Resolve through preserved measurement or approved mock record,No formal dataset table metric threshold or claim
legacy-dynamics-lag-leading,dynamics,"offsets 8 and 6; periods 8.5 and 6; phases 0.1 and 0.2",mixed,src/parallel_truth_fingerprint/sensor_simulation/behavior_model.py:expected_sensor_values,disabled,exact_v1_reproduction_only,Illustrative oscillation without compressor-dynamics authority,Remove or resolve each behavior and value through evidence,No formal dataset table metric threshold or claim
legacy-mixture-temperature,dynamics,"weights 0.55 and 0.45",dimensionless,src/parallel_truth_fingerprint/sensor_simulation/behavior_model.py:expected_sensor_values,disabled,exact_v1_reproduction_only,Anonymous mixture weights,Remove or resolve through evidence,No formal dataset table metric threshold or claim
legacy-mixture-pressure,dynamics,"weights 0.72 and 0.28",dimensionless,src/parallel_truth_fingerprint/sensor_simulation/behavior_model.py:expected_sensor_values,disabled,exact_v1_reproduction_only,Anonymous mixture weights,Remove or resolve through evidence,No formal dataset table metric threshold or claim
legacy-mixture-rpm,dynamics,"weights 0.88 and 0.12",dimensionless,src/parallel_truth_fingerprint/sensor_simulation/behavior_model.py:expected_sensor_values,disabled,exact_v1_reproduction_only,Anonymous mixture weights,Remove or resolve through evidence,No formal dataset table metric threshold or claim
legacy-oscillation-temperature,dynamics,"amplitude 1.8; period 4",degC and steps,src/parallel_truth_fingerprint/sensor_simulation/behavior_model.py:expected_sensor_values,disabled,exact_v1_reproduction_only,Unsupported compressor behavior,Remove or resolve through evidence,No formal dataset table metric threshold or claim
legacy-oscillation-pressure,dynamics,"amplitude 0.15; period 5; phase 0.4",bar and steps,src/parallel_truth_fingerprint/sensor_simulation/behavior_model.py:expected_sensor_values,disabled,exact_v1_reproduction_only,Unsupported compressor behavior,Remove or resolve through evidence,No formal dataset table metric threshold or claim
legacy-oscillation-rpm,dynamics,"amplitude 45; period 3.5; phase 0.7",rpm and steps,src/parallel_truth_fingerprint/sensor_simulation/behavior_model.py:expected_sensor_values,disabled,exact_v1_reproduction_only,Unsupported compressor behavior,Remove or resolve through evidence,No formal dataset table metric threshold or claim
legacy-noise-temperature-coupling,noise,"temperature multiplier 0.85; control multiplier default 1.0",mixed,src/parallel_truth_fingerprint/sensor_simulation/behavior_model.py:temperature_driven_noise_level,disabled,exact_v1_reproduction_only,Unsupported universal temperature-noise relation,Resolve through preserved measurement or approved mock record,No formal dataset table metric threshold or claim
legacy-default-operating-jitter,dynamics,"midpoint jitter amplitude 6 with uniform -1..1",percent,src/parallel_truth_fingerprint/sensor_simulation/simulator.py:_default_operating_state,disabled,exact_v1_reproduction_only,Illustrative random driver without evidence,Resolve through preregistered trace or preserved measurement,No formal dataset table metric threshold or claim
legacy-sensor-noise-multipliers,noise,"temperature 5; pressure 0.35; rpm 60",mixed,src/parallel_truth_fingerprint/sensor_simulation/simulator.py:_apply_noise,disabled,exact_v1_reproduction_only,Anonymous sensor-specific noise multipliers,Resolve through calibration or remove,No formal dataset table metric threshold or claim
legacy-secondary-temperature,secondary_variable,"21+0.18*state+0.32*PV clamped 20..75",degC,src/parallel_truth_fingerprint/sensor_simulation/simulator.py:_secondary_variable_for,disabled,exact_v1_reproduction_only,Illustrative secondary variable with no instrument authority,Remove or create complete profile/mock evidence,No formal dataset table metric threshold or claim
legacy-secondary-pressure,secondary_variable,"24+0.12*state+(step mod 3)*0.4 clamped 20..55",degC,src/parallel_truth_fingerprint/sensor_simulation/simulator.py:_secondary_variable_for,disabled,exact_v1_reproduction_only,Illustrative secondary variable with no instrument authority,Remove or create complete profile/mock evidence,No formal dataset table metric threshold or claim
legacy-comparison-tolerances,comparison,"temperature 2; pressure 0.35; rpm 120",mixed,src/parallel_truth_fingerprint/comparison/service.py:ScadaToleranceProfile,disabled,exact_v1_reproduction_only,Anonymous cross-sensor tolerance policy,Measure or preregister profile-specific uncertainty-aware comparison,No formal comparison result table or claim
legacy-consensus-scales,consensus,"temperature 20; pressure 3; rpm 600",mixed,src/parallel_truth_fingerprint/consensus/trust_model.py:SENSOR_SCALES,disabled,exact_v1_reproduction_only,Anonymous physical-unit normalization scales,Replace with documented dimensionless profile-aware residuals,No formal consensus-v2 result or downstream evidence
legacy-consensus-thresholds,consensus,"pairwise 0.35; suspected Byzantine 0.75",dimensionless,src/parallel_truth_fingerprint/consensus/trust_model.py,disabled,exact_v1_reproduction_only,Anonymous decision thresholds,Measure or preregister with sensitivity analysis,No formal consensus-v2 result or downstream evidence
