parameter_id,code_or_config_key,value,unit,classification,authority_id,source_ids,exact_locator,derivation,input_parameter_ids,profile_id,experiment_scope,approval_identity,authentic_reproduction_feasibility,prototype_component,research_question,evidence_track,final_package_element,transferability_rationale,uncertainty_or_limitation,status,notes
signal.normalized_current,SignalObservation.v2.normalized_current,(I_mA-4)/16,dimensionless,derived,derivation-signal-normalized-current-v1,vendor-rockwell-5034-um003-2025,"PDF p. 22, Scaling, Table 7; 4/12/20 mA maps to 0/50/100%","z=(I_mA-4 mA)/(20 mA-4 mA)",signal.loop_current_low|signal.loop_current_high,linear-4-20ma-v1,all v2 physical tracks,Emilio,authentic deterministic derivation is available,InstrumentProfile.v1 conversion and SignalObservation.v2,How can accountable physical observations support custom physical detection?,PTFP-Custom-v1 physical,custom physical result table and paired ablation,Directly transfers only to a declared linear 4-20 mA profile; it is one physical representation,Endpoint and quality policy remain profile-specific,approved,No separate detection modality is created
signal.engineering_value,SignalObservation.v2.engineering_value,LRV+z*(URV-LRV),configured engineering unit,derived,derivation-signal-engineering-value-v1,vendor-ni-scaling-2024,"Official NI two-point linear scaling equation","engineering_value=LRV+z*(URV-LRV)",signal.normalized_current|instrument.profile.lrv|instrument.profile.urv,selected-instrument-profile,all v2 physical tracks,Emilio,authentic deterministic derivation is available,InstrumentProfile.v1 conversion and SignalObservation.v2,How can accountable physical observations support custom physical detection?,PTFP-Custom-v1 physical,custom physical result table and paired ablation,Transfers only after the selected instrument LRV/URV and units validate,No authority for anonymous engineering endpoints,approved_conditional,Every selected profile must supply independently validated endpoints
instrument.temperature.range,instrument_profiles.temperature.engineering_range,0..100,degC,direct,vendor-siemens-sitrans-th-2025,vendor-siemens-sitrans-th-2025,"Archived PDF p. 4, option D73: Pt100 0-100 degC four-wire; document identifies TH320 4-20 mA",,,instrument-profile-th320-0-100c-v1,PTFP-Custom-v1 physical,Emilio,physical hardware is absent; exact official device profile is available for the admitted emulator,Temperature instrument profile,Does accountable current-domain physical evidence support anomaly detection and paired fusion?,PTFP-Custom-v1 physical,custom physical table and paired ablation,Exact option D73 transfers to the bounded simulated TH320 profile only,Not a compressor operating or safety range,approved_profile_candidate,Execution still requires the complete InstrumentProfile.v1 hash
instrument.pressure.range,instrument_profiles.pressure.engineering_range,0..10,bar,direct,vendor-siemens-sitrans-p200-2025,vendor-siemens-sitrans-p200-2025,"Official PDF selection table printed p. 1/7: 0-10 bar gauge-pressure version and 4-20 mA two-wire output",,,instrument-profile-p200-0-10bar-v1,PTFP-Custom-v1 physical,Emilio,physical hardware is absent; official bytes are not yet archived,Pressure instrument profile,Does accountable current-domain physical evidence support anomaly detection and paired fusion?,PTFP-Custom-v1 physical,custom physical table and paired ablation,Transfers only to the exact selected P200 gauge-pressure variant,Automated archival was denied by the official server; no local byte/hash claim,blocked_pending_source_archive,May not pass G1 until exact official bytes or an equivalently stable official artifact is archived
rpm.output_signal,instrument_profiles.rpm.output,4..20,mA,direct,vendor-electrosensors-fb420-datasheet-2025,vendor-electrosensors-fb420-datasheet-2025,"Archived PDF pp. 1-2, output/specification table",,,instrument-profile-fb420-user-range-v1,PTFP-Custom-v1 physical,Emilio,physical hardware is absent; official transmitter capability is documented,RPM instrument profile,Does accountable current-domain physical evidence support anomaly detection and paired fusion?,PTFP-Custom-v1 physical,custom physical table and paired ablation,Directly proportional 4-20 mA output transfers to the bounded FB420 profile,Does not authorize universal minimum or maximum RPM,approved,User-programmed RPM endpoints remain unresolved
instrument.rpm.lrv,instrument_profiles.rpm.lrv,UNRESOLVED,rpm,preregistered_factor,UNRESOLVED,vendor-electrosensors-fb420-manual,"Archived PDF pp. 1-2: user-programmable minimum RPM endpoint",,,instrument-profile-fb420-user-range-v1,PTFP-Custom-v1 physical,Emilio,authentic hardware is absent and the research endpoint decision is not frozen,RPM instrument profile,Does accountable current-domain physical evidence support anomaly detection and paired fusion?,PTFP-Custom-v1 physical,custom physical table and paired ablation,Official documentation establishes configurability but not the project's value,Must be frozen before experiment validation,blocked_unresolved_decision,No legacy 1200 rpm fallback is permitted
instrument.rpm.urv,instrument_profiles.rpm.urv,UNRESOLVED,rpm,preregistered_factor,UNRESOLVED,vendor-electrosensors-fb420-manual,"Archived PDF pp. 1-2: user-programmable maximum RPM endpoint",,,instrument-profile-fb420-user-range-v1,PTFP-Custom-v1 physical,Emilio,authentic hardware is absent and the research endpoint decision is not frozen,RPM instrument profile,Does accountable current-domain physical evidence support anomaly detection and paired fusion?,PTFP-Custom-v1 physical,custom physical table and paired ablation,Official documentation establishes configurability but not the project's value,Must be frozen before experiment validation,blocked_unresolved_decision,No legacy 4200 rpm fallback is permitted
command.terminal53.low_current,instrument_profiles.command.terminal53_low_current,4,mA,direct,vendor-danfoss-cds803-programming-2021,vendor-danfoss-cds803-programming-2021,"Printed p. 54, Table 60, parameter 6-12; default 4 mA",,,instrument-profile-cds803-terminal53-linear-0-100-v1,PTFP-Custom-v1 controller profile,Emilio,exact configuration capability is officially documented,Experiment command-profile mapping,Does a frozen bounded reference schedule produce auditable paired custom observations?,PTFP-Custom-v1 physical and syscall,custom manifests and paired ablation,Exact CDS 803 Terminal 53 parameter transfers to the selected simulated command profile,Default supports the current endpoint but not the selected reference units,approved,Archived bytes and SHA-256 recorded
command.terminal53.high_current,instrument_profiles.command.terminal53_high_current,20,mA,direct,vendor-danfoss-cds803-programming-2021,vendor-danfoss-cds803-programming-2021,"Printed p. 54, Table 61, parameter 6-13; default 20 mA",,,instrument-profile-cds803-terminal53-linear-0-100-v1,PTFP-Custom-v1 controller profile,Emilio,exact configuration capability is officially documented,Experiment command-profile mapping,Does a frozen bounded reference schedule produce auditable paired custom observations?,PTFP-Custom-v1 physical and syscall,custom manifests and paired ablation,Exact CDS 803 Terminal 53 parameter transfers to the selected simulated command profile,Default supports the current endpoint but not the selected reference units,approved,Archived bytes and SHA-256 recorded
command.terminal53.low_reference,instrument_profiles.command.terminal53_low_reference,0,percent,preregistered_factor,decision-custom-reference-window-v1,vendor-danfoss-cds803-programming-2021,"DecisionRecord.v1 values.command_profile; Danfoss printed p. 54, Table 62, parameter 6-14",,,instrument-profile-cds803-terminal53-linear-0-100-v1,PTFP-Custom-v1 controller profile,Emilio,configurable behavior is authentic but the 0 value is a project selection,Experiment command-profile mapping,Does a frozen bounded reference schedule produce auditable paired custom observations?,PTFP-Custom-v1 physical and syscall,custom manifests and paired ablation,Danfoss establishes the correspondence parameter; the decision is value authority,Not a manufacturer default or recommendation,approved_planning_frozen,Execution still requires separate activity authorization
command.terminal53.high_reference,instrument_profiles.command.terminal53_high_reference,100,percent,preregistered_factor,decision-custom-reference-window-v1,vendor-danfoss-cds803-programming-2021,"DecisionRecord.v1 values.command_profile; Danfoss printed p. 54, Table 63, parameter 6-15",,,instrument-profile-cds803-terminal53-linear-0-100-v1,PTFP-Custom-v1 controller profile,Emilio,configurable behavior is authentic but the 100 value is a project selection,Experiment command-profile mapping,Does a frozen bounded reference schedule produce auditable paired custom observations?,PTFP-Custom-v1 physical and syscall,custom manifests and paired ablation,Danfoss establishes the correspondence parameter; the decision is value authority,Danfoss default is 200; 100 is explicitly project-selected,approved_planning_frozen,Execution still requires separate activity authorization
experiment.reference_min,ExperimentSpec.speed_reference_pct,25,percent,preregistered_factor,decision-custom-reference-window-v1,vendor-danfoss-cds803-programming-2021|vendor-doe-compressed-air-sourcebook,"DecisionRecord.v1 values.reference_window; official sources are capability/constraint context only",,,instrument-profile-cds803-terminal53-linear-0-100-v1,PTFP-Custom-v1 paired campaign,Emilio,authentic configurable command behavior is available; this endpoint is a frozen research factor,Experiment controller,Does calibrated late fusion improve custom physical/syscall trade-offs on the same held-out runs?,PTFP-Custom-v1 physical|syscall|fusion,paired custom ablation table,The factor controls an exact configurable command-profile component and can change all paired custom observations,Not power; not a universal operating or safety limit,approved_planning_frozen,Decision authority is not the manufacturer source
experiment.reference_max,ExperimentSpec.speed_reference_pct,75,percent,preregistered_factor,decision-custom-reference-window-v1,vendor-danfoss-cds803-programming-2021|vendor-doe-compressed-air-sourcebook,"DecisionRecord.v1 values.reference_window; official sources are capability/constraint context only",,,instrument-profile-cds803-terminal53-linear-0-100-v1,PTFP-Custom-v1 paired campaign,Emilio,authentic configurable command behavior is available; this endpoint is a frozen research factor,Experiment controller,Does calibrated late fusion improve custom physical/syscall trade-offs on the same held-out runs?,PTFP-Custom-v1 physical|syscall|fusion,paired custom ablation table,The factor controls an exact configurable command-profile component and can change all paired custom observations,Not power; not a universal operating or safety limit,approved_planning_frozen,Decision authority is not the manufacturer source
experiment.reference_current_min,ExperimentSpec.reference_current_ma,8,mA,derived,derivation-reference-current-min-v1,vendor-danfoss-cds803-programming-2021,"Printed p. 54, Tables 60-63 plus frozen selected profile","4 mA+(20 mA-4 mA)*(25/100)",command.terminal53.low_current|command.terminal53.high_current|command.terminal53.low_reference|command.terminal53.high_reference|experiment.reference_min,instrument-profile-cds803-terminal53-linear-0-100-v1,PTFP-Custom-v1 paired campaign,Emilio,authentic deterministic derivation is available,Experiment controller command representation,Does calibrated late fusion improve custom physical/syscall trade-offs on the same held-out runs?,PTFP-Custom-v1 physical|syscall|fusion,custom manifests and paired ablation,Exact mapping and frozen inputs determine this representation,Valid only for the selected 0-100/4-20 mA profile,approved_derived,Not a universal drive endpoint
experiment.reference_current_max,ExperimentSpec.reference_current_ma,16,mA,derived,derivation-reference-current-max-v1,vendor-danfoss-cds803-programming-2021,"Printed p. 54, Tables 60-63 plus frozen selected profile","4 mA+(20 mA-4 mA)*(75/100)",command.terminal53.low_current|command.terminal53.high_current|command.terminal53.low_reference|command.terminal53.high_reference|experiment.reference_max,instrument-profile-cds803-terminal53-linear-0-100-v1,PTFP-Custom-v1 paired campaign,Emilio,authentic deterministic derivation is available,Experiment controller command representation,Does calibrated late fusion improve custom physical/syscall trade-offs on the same held-out runs?,PTFP-Custom-v1 physical|syscall|fusion,custom manifests and paired ablation,Exact mapping and frozen inputs determine this representation,Valid only for the selected 0-100/4-20 mA profile,approved_derived,Not a universal drive endpoint
